{
  "hash": "a6f3f007",
  "configHash": "2acba6be",
  "lockfileHash": "eff4da51",
  "browserHash": "57c43a2d",
  "optimized": {
    "@angular/core": {
      "src": "../../../../../node_modules/@angular/core/fesm2022/core.mjs",
      "file": "@angular_core.js",
      "fileHash": "bdbe9189",
      "needsInterop": false
    },
    "@angular/forms": {
      "src": "../../../../../node_modules/@angular/forms/fesm2022/forms.mjs",
      "file": "@angular_forms.js",
      "fileHash": "3a2d4fc2",
      "needsInterop": false
    },
    "@angular/platform-browser": {
      "src": "../../../../../node_modules/@angular/platform-browser/fesm2022/platform-browser.mjs",
      "file": "@angular_platform-browser.js",
      "fileHash": "35661bef",
      "needsInterop": false
    },
    "@angular/router": {
      "src": "../../../../../node_modules/@angular/router/fesm2022/router.mjs",
      "file": "@angular_router.js",
      "fileHash": "57ad394e",
      "needsInterop": false
    }
  },
  "chunks": {
    "chunk-BM2KI4HJ": {
      "file": "chunk-BM2KI4HJ.js"
    },
    "chunk-CJYSBT4Y": {
      "file": "chunk-CJYSBT4Y.js"
    },
    "chunk-37IT5BJX": {
      "file": "chunk-37IT5BJX.js"
    }
  }
}